<?xml version="1.0" encoding="UTF-8"?>
<beans xmlns="http://www.springframework.org/schema/beans"
	xmlns:context="http://www.springframework.org/schema/context"
	xmlns:mvc="http://www.springframework.org/schema/mvc"
	xmlns:xsi="http://www.w3.org/2001/XMLSchema-instance"
	xmlns:tx="http://www.springframework.org/schema/tx"
	xsi:schemaLocation="
        http://www.springframework.org/schema/beans     
        http://www.springframework.org/schema/beans/spring-beans-3.0.xsd
        http://www.springframework.org/schema/context 
        http://www.springframework.org/schema/context/spring-context-3.0.xsd
        http://www.springframework.org/schema/mvc
        http://www.springframework.org/schema/mvc/spring-mvc-3.0.xsd
        http://www.springframework.org/schema/tx 
        http://www.springframework.org/schema/tx/spring-tx-3.2.xsd">

	<bean id="prod" class="com.cg.demoonespring.dto.Product" autowire="byType">
		<property name="id" value="1001"></property>
		<property name="name" value="TV"></property>
		<property name="price" value="10000"></property>
		<property name="description" value="Sony tv.."></property>
		
		
		
		<!-- <property name="it">
			<list>
				<ref bean="one"></ref>
				<ref bean="two"></ref>
		
				<ref bean="four"></ref>
			</list>
		</property> -->
	</bean>
	<bean id="one" class="com.cg.demoonespring.dto.Item">
		<property name="id" value="1000001"></property>
		<property name="nameOfShop" value="ABC general store" />
	</bean>
	<bean id="two" class="com.cg.demoonespring.dto.Item">
		<property name="id" value="1000002"></property>
		<property name="nameOfShop" value="BC general store" />
	</bean>
	<bean id="three" class="com.cg.demoonespring.dto.Item">
		<property name="id" value="1000003"></property>
		<property name="nameOfShop" value="C general store" />
	</bean>
	<bean id="four" class="com.cg.demoonespring.dto.Item">
		<property name="id" value="1000004"></property>
		<property name="nameOfShop" value="AaBC general store" />
	</bean>

	<!-- using constructor injection -->

	<!-- <constructor-arg type="" value=" 100001"></constructor-arg> <constructor-arg 
		type="nameOfShop" value=" ABC STORE"></constructor-arg> -->


	<!-- <constructor-arg index="0" value=" 100001"></constructor-arg> <constructor-arg 
		index="1" value=" ABC STORE"></constructor-arg> -->

	<!-- using name -->

	<!-- <constructor-arg name="id" value=" 100001"></constructor-arg> <constructor-arg 
		name="nameOfShop" value=" ABC STORE"></constructor-arg> -->


	<!-- Using getter/setter injection -->

</beans>